domain,reason
trysaffron.ai,Saffron itself
hackerrank.com,competitor (technical assessment)
codesignal.com,competitor (technical assessment)
rounds.so,competitor (technical assessment)
coderpad.io,competitor (technical assessment)
karat.com,competitor (technical interviews)
coffeee.io,competitor-adjacent (pre-assessed talent marketplace)
workable.com,partner (hiring software / ATS)
sensehq.com,partner (recruiting software)
joveo.com,partner (recruitment marketing)
fusemachines.com,disqualified (AI services / talent)
thinkbridge.com,disqualified (outsourced product development)
novolo.ai,disqualified (hardware incubator / investor)
hackerearth.com,competitor (technical assessment / skills intelligence)
micro1.ai,competitor (AI interviews / vetted talent)
goml.io,disqualified (AI services / consulting)
tech9.com,disqualified (custom software development services)
particle41.com,disqualified (embedded engineering teams / outsourcing)
velozient.com,disqualified (nearshore staffing)
wing.com,disqualified (Alphabet subsidiary; parent procurement)
