Company Name,Domain,Company LinkedIn URL,found_in,n_sources
AuditBoard,auditboard.com,https://www.linkedin.com/company/auditboard,prospeo,1
Sprinto,sprinto.com,https://www.linkedin.com/company/sprinto-com,prospeo,1
Branch International,branch.co,https://www.linkedin.com/company/branch-co,prospeo,1
Graphy,graphy.com,https://www.linkedin.com/company/graphyapp,prospeo,1
SurveySparrow,surveysparrow.com,https://www.linkedin.com/company/surveysparrow,prospeo,1
MoonPay,moonpay.com,https://www.linkedin.com/company/moonpay,prospeo,1
Signzy,signzy.com,https://www.linkedin.com/company/teamsignzy,prospeo,1
Ontop,getontop.com,https://www.linkedin.com/company/ontopai,prospeo,1
ITILITE,itilite.com,https://www.linkedin.com/company/itilite,prospeo,1
Artisan,artisan.co,https://www.linkedin.com/company/artisanai,prospeo,1
Observe.AI,observe.ai,https://www.linkedin.com/company/observeai,prospeo,1
Opkey,opkey.com,https://www.linkedin.com/company/opkey,prospeo,1
ButterflyMX,butterflymx.com,https://www.linkedin.com/company/butterflymx,prospeo,1
H2O.ai,h2o.ai,https://www.linkedin.com/company/h2oai,prospeo,1
Bright Money,brightmoney.co,https://www.linkedin.com/company/bright-money,prospeo,1
Clarity AI,clarity.ai,https://www.linkedin.com/company/clarity-ai,prospeo,1
Bik.ai,bik.ai,https://www.linkedin.com/company/bikglobal,prospeo,1
LawnStarter,lawnstarter.com,https://www.linkedin.com/company/lawnstarter,prospeo,1
Hugging Face,huggingface.co,https://www.linkedin.com/company/huggingface,clay,1
Ema,ema.ai,https://www.linkedin.com/company/ema-unlimited,clay,1
Level AI,thelevel.ai,https://www.linkedin.com/company/level-ai,clay,1
Gamma,gamma.app,https://www.linkedin.com/company/gamma-app,clay,1
Lightning AI,lightning.ai,https://www.linkedin.com/company/pytorch-lightning,clay,1
Cognition,cognition.ai,https://www.linkedin.com/company/cognition-ai-labs,clay,1
Nanonets,nanonets.com,https://www.linkedin.com/company/nanonets,clay,1
Polymarket,polymarket.us,https://www.linkedin.com/company/polymarket,clay,1
Yuno,y.uno,https://www.linkedin.com/company/yunopay,clay,1
HeyGen,heygen.com,https://www.linkedin.com/company/heygen,clay,1
Phantom,phantom.com,https://www.linkedin.com/company/phantom-app,clay,1
Kalshi,kalshi.com,https://www.linkedin.com/company/kalshi,clay,1
Pinecone,pinecone.io,https://www.linkedin.com/company/pinecone-io,clay,1
RoboMQ,robomq.io,https://www.linkedin.com/company/robomq-io,clay,1
Gridware,gridware.io,https://www.linkedin.com/company/gridwareinc,clay,1
DataVisor,datavisor.com,https://www.linkedin.com/company/datavisor,clay,1
Pave,pave.com,https://www.linkedin.com/company/pave,clay,1
Fireworks AI,fireworks.ai,https://www.linkedin.com/company/fireworks-ai,clay,1
Suno,suno.com,https://www.linkedin.com/company/sunomusic,clay,1
Hiver,hiverhq.com,https://www.linkedin.com/company/hiverhq,clay,1
Nooks,nooks.ai,https://www.linkedin.com/company/nooksapp,clay,1
SandboxAQ,sandboxaq.com,https://www.linkedin.com/company/sandboxaq,clay,1
Rain,rainapp.com,https://www.linkedin.com/company/rain-app,clay,1
Topsort,topsort.com,https://www.linkedin.com/company/topsort,clay,1
Circle,circle.so,https://www.linkedin.com/company/circleco,clay,1
RevenueCat,revenuecat.com,https://www.linkedin.com/company/revenuecat,clay,1
Gigs,gigs.com,https://www.linkedin.com/company/meetgigs,clay,1
SuperAnnotate,superannotate.com,https://www.linkedin.com/company/superannotate,clay,1
Deepgram,deepgram.com,https://www.linkedin.com/company/deepgram,clay,1
Avoma,avoma.com,https://www.linkedin.com/company/avoma,clay,1
AssemblyAI,assemblyai.com,https://www.linkedin.com/company/assemblyai,clay,1
Rillet,rillet.com,https://www.linkedin.com/company/team-rillet,clay,1
