Company Name,Domain,Company LinkedIn URL
AuditBoard,auditboard.com,https://www.linkedin.com/company/auditboard
Sprinto,sprinto.com,https://www.linkedin.com/company/sprinto-com
Branch International,branch.co,https://www.linkedin.com/company/branch-co
Graphy,graphy.com,https://www.linkedin.com/company/graphyapp
SurveySparrow,surveysparrow.com,https://www.linkedin.com/company/surveysparrow
MoonPay,moonpay.com,https://www.linkedin.com/company/moonpay
Signzy,signzy.com,https://www.linkedin.com/company/teamsignzy
Ontop,getontop.com,https://www.linkedin.com/company/ontopai
ITILITE,itilite.com,https://www.linkedin.com/company/itilite
Artisan,artisan.co,https://www.linkedin.com/company/artisanai
Observe.AI,observe.ai,https://www.linkedin.com/company/observeai
Opkey,opkey.com,https://www.linkedin.com/company/opkey
ButterflyMX,butterflymx.com,https://www.linkedin.com/company/butterflymx
H2O.ai,h2o.ai,https://www.linkedin.com/company/h2oai
Bright Money,brightmoney.co,https://www.linkedin.com/company/bright-money
Clarity AI,clarity.ai,https://www.linkedin.com/company/clarity-ai
Bik.ai,bik.ai,https://www.linkedin.com/company/bikglobal
LawnStarter,lawnstarter.com,https://www.linkedin.com/company/lawnstarter
Hugging Face,huggingface.co,https://www.linkedin.com/company/huggingface
Ema,ema.ai,https://www.linkedin.com/company/ema-unlimited
Level AI,thelevel.ai,https://www.linkedin.com/company/level-ai
Gamma,gamma.app,https://www.linkedin.com/company/gamma-app
Lightning AI,lightning.ai,https://www.linkedin.com/company/pytorch-lightning
Cognition,cognition.ai,https://www.linkedin.com/company/cognition-ai-labs
Nanonets,nanonets.com,https://www.linkedin.com/company/nanonets
Polymarket,polymarket.us,https://www.linkedin.com/company/polymarket
Yuno,y.uno,https://www.linkedin.com/company/yunopay
HeyGen,heygen.com,https://www.linkedin.com/company/heygen
Phantom,phantom.com,https://www.linkedin.com/company/phantom-app
Kalshi,kalshi.com,https://www.linkedin.com/company/kalshi
Pinecone,pinecone.io,https://www.linkedin.com/company/pinecone-io
RoboMQ,robomq.io,https://www.linkedin.com/company/robomq-io
Gridware,gridware.io,https://www.linkedin.com/company/gridwareinc
DataVisor,datavisor.com,https://www.linkedin.com/company/datavisor
Pave,pave.com,https://www.linkedin.com/company/pave
Fireworks AI,fireworks.ai,https://www.linkedin.com/company/fireworks-ai
Suno,suno.com,https://www.linkedin.com/company/sunomusic
Hiver,hiverhq.com,https://www.linkedin.com/company/hiverhq
Nooks,nooks.ai,https://www.linkedin.com/company/nooksapp
SandboxAQ,sandboxaq.com,https://www.linkedin.com/company/sandboxaq
Rain,rainapp.com,https://www.linkedin.com/company/rain-app
Topsort,topsort.com,https://www.linkedin.com/company/topsort
Circle,circle.so,https://www.linkedin.com/company/circleco
RevenueCat,revenuecat.com,https://www.linkedin.com/company/revenuecat
Gigs,gigs.com,https://www.linkedin.com/company/meetgigs
SuperAnnotate,superannotate.com,https://www.linkedin.com/company/superannotate
Deepgram,deepgram.com,https://www.linkedin.com/company/deepgram
Avoma,avoma.com,https://www.linkedin.com/company/avoma
AssemblyAI,assemblyai.com,https://www.linkedin.com/company/assemblyai
Rillet,rillet.com,https://www.linkedin.com/company/team-rillet
