Company Name,SWE Openings (Clay)
AuditBoard,9
Sprinto,0
Branch International,3
Graphy,0
SurveySparrow,0
MoonPay,5
Signzy,0
Ontop,0
ITILITE,2
Artisan,4
Observe.AI,4
Opkey,1
ButterflyMX,1
H2O.ai,4
Bright Money,0
Clarity AI,0
Bik.ai,1
LawnStarter,23
Hugging Face,9
Ema,13
Level AI,7
Gamma,6
Lightning AI,6
Cognition,2
Nanonets,0
Polymarket,2
Yuno,8
HeyGen,3
Phantom,5
Kalshi,4
Pinecone,9
RoboMQ,6
Gridware,3
DataVisor,7
Pave,15
Fireworks AI,11
Suno,13
Hiver,0
Nooks,11
SandboxAQ,16
Rain,0
Topsort,13
Circle,6
RevenueCat,7
Gigs,12
SuperAnnotate,4
Deepgram,8
Avoma,2
AssemblyAI,7
Rillet,4
